--
-- PostgreSQL database dump
--

-- Dumped from database version 16.3 (Debian 16.3-1.pgdg120+1)
-- Dumped by pg_dump version 16.3 (Debian 16.3-1.pgdg120+1)

SET statement_timeout = 0;
SET lock_timeout = 0;
SET idle_in_transaction_session_timeout = 0;
SET client_encoding = 'UTF8';
SET standard_conforming_strings = on;
SELECT pg_catalog.set_config('search_path', '', false);
SET check_function_bodies = false;
SET xmloption = content;
SET client_min_messages = warning;
SET row_security = off;

SET default_tablespace = '';

SET default_table_access_method = heap;

--
-- Name: auth_group; Type: TABLE; Schema: public; Owner: wildberries
--

CREATE TABLE public.auth_group (
    id integer NOT NULL,
    name character varying(150) NOT NULL
);


ALTER TABLE public.auth_group OWNER TO wildberries;

--
-- Name: auth_group_id_seq; Type: SEQUENCE; Schema: public; Owner: wildberries
--

ALTER TABLE public.auth_group ALTER COLUMN id ADD GENERATED BY DEFAULT AS IDENTITY (
    SEQUENCE NAME public.auth_group_id_seq
    START WITH 1
    INCREMENT BY 1
    NO MINVALUE
    NO MAXVALUE
    CACHE 1
);


--
-- Name: auth_group_permissions; Type: TABLE; Schema: public; Owner: wildberries
--

CREATE TABLE public.auth_group_permissions (
    id bigint NOT NULL,
    group_id integer NOT NULL,
    permission_id integer NOT NULL
);


ALTER TABLE public.auth_group_permissions OWNER TO wildberries;

--
-- Name: auth_group_permissions_id_seq; Type: SEQUENCE; Schema: public; Owner: wildberries
--

ALTER TABLE public.auth_group_permissions ALTER COLUMN id ADD GENERATED BY DEFAULT AS IDENTITY (
    SEQUENCE NAME public.auth_group_permissions_id_seq
    START WITH 1
    INCREMENT BY 1
    NO MINVALUE
    NO MAXVALUE
    CACHE 1
);


--
-- Name: auth_permission; Type: TABLE; Schema: public; Owner: wildberries
--

CREATE TABLE public.auth_permission (
    id integer NOT NULL,
    name character varying(255) NOT NULL,
    content_type_id integer NOT NULL,
    codename character varying(100) NOT NULL
);


ALTER TABLE public.auth_permission OWNER TO wildberries;

--
-- Name: auth_permission_id_seq; Type: SEQUENCE; Schema: public; Owner: wildberries
--

ALTER TABLE public.auth_permission ALTER COLUMN id ADD GENERATED BY DEFAULT AS IDENTITY (
    SEQUENCE NAME public.auth_permission_id_seq
    START WITH 1
    INCREMENT BY 1
    NO MINVALUE
    NO MAXVALUE
    CACHE 1
);


--
-- Name: auth_user; Type: TABLE; Schema: public; Owner: wildberries
--

CREATE TABLE public.auth_user (
    id integer NOT NULL,
    password character varying(128) NOT NULL,
    last_login timestamp with time zone,
    is_superuser boolean NOT NULL,
    username character varying(150) NOT NULL,
    first_name character varying(150) NOT NULL,
    last_name character varying(150) NOT NULL,
    email character varying(254) NOT NULL,
    is_staff boolean NOT NULL,
    is_active boolean NOT NULL,
    date_joined timestamp with time zone NOT NULL
);


ALTER TABLE public.auth_user OWNER TO wildberries;

--
-- Name: auth_user_groups; Type: TABLE; Schema: public; Owner: wildberries
--

CREATE TABLE public.auth_user_groups (
    id bigint NOT NULL,
    user_id integer NOT NULL,
    group_id integer NOT NULL
);


ALTER TABLE public.auth_user_groups OWNER TO wildberries;

--
-- Name: auth_user_groups_id_seq; Type: SEQUENCE; Schema: public; Owner: wildberries
--

ALTER TABLE public.auth_user_groups ALTER COLUMN id ADD GENERATED BY DEFAULT AS IDENTITY (
    SEQUENCE NAME public.auth_user_groups_id_seq
    START WITH 1
    INCREMENT BY 1
    NO MINVALUE
    NO MAXVALUE
    CACHE 1
);


--
-- Name: auth_user_id_seq; Type: SEQUENCE; Schema: public; Owner: wildberries
--

ALTER TABLE public.auth_user ALTER COLUMN id ADD GENERATED BY DEFAULT AS IDENTITY (
    SEQUENCE NAME public.auth_user_id_seq
    START WITH 1
    INCREMENT BY 1
    NO MINVALUE
    NO MAXVALUE
    CACHE 1
);


--
-- Name: auth_user_user_permissions; Type: TABLE; Schema: public; Owner: wildberries
--

CREATE TABLE public.auth_user_user_permissions (
    id bigint NOT NULL,
    user_id integer NOT NULL,
    permission_id integer NOT NULL
);


ALTER TABLE public.auth_user_user_permissions OWNER TO wildberries;

--
-- Name: auth_user_user_permissions_id_seq; Type: SEQUENCE; Schema: public; Owner: wildberries
--

ALTER TABLE public.auth_user_user_permissions ALTER COLUMN id ADD GENERATED BY DEFAULT AS IDENTITY (
    SEQUENCE NAME public.auth_user_user_permissions_id_seq
    START WITH 1
    INCREMENT BY 1
    NO MINVALUE
    NO MAXVALUE
    CACHE 1
);


--
-- Name: authtoken_token; Type: TABLE; Schema: public; Owner: wildberries
--

CREATE TABLE public.authtoken_token (
    key character varying(40) NOT NULL,
    created timestamp with time zone NOT NULL,
    user_id integer NOT NULL
);


ALTER TABLE public.authtoken_token OWNER TO wildberries;

--
-- Name: django_admin_log; Type: TABLE; Schema: public; Owner: wildberries
--

CREATE TABLE public.django_admin_log (
    id integer NOT NULL,
    action_time timestamp with time zone NOT NULL,
    object_id text,
    object_repr character varying(200) NOT NULL,
    action_flag smallint NOT NULL,
    change_message text NOT NULL,
    content_type_id integer,
    user_id integer NOT NULL,
    CONSTRAINT django_admin_log_action_flag_check CHECK ((action_flag >= 0))
);


ALTER TABLE public.django_admin_log OWNER TO wildberries;

--
-- Name: django_admin_log_id_seq; Type: SEQUENCE; Schema: public; Owner: wildberries
--

ALTER TABLE public.django_admin_log ALTER COLUMN id ADD GENERATED BY DEFAULT AS IDENTITY (
    SEQUENCE NAME public.django_admin_log_id_seq
    START WITH 1
    INCREMENT BY 1
    NO MINVALUE
    NO MAXVALUE
    CACHE 1
);


--
-- Name: django_celery_beat_clockedschedule; Type: TABLE; Schema: public; Owner: wildberries
--

CREATE TABLE public.django_celery_beat_clockedschedule (
    id integer NOT NULL,
    clocked_time timestamp with time zone NOT NULL
);


ALTER TABLE public.django_celery_beat_clockedschedule OWNER TO wildberries;

--
-- Name: django_celery_beat_clockedschedule_id_seq; Type: SEQUENCE; Schema: public; Owner: wildberries
--

ALTER TABLE public.django_celery_beat_clockedschedule ALTER COLUMN id ADD GENERATED BY DEFAULT AS IDENTITY (
    SEQUENCE NAME public.django_celery_beat_clockedschedule_id_seq
    START WITH 1
    INCREMENT BY 1
    NO MINVALUE
    NO MAXVALUE
    CACHE 1
);


--
-- Name: django_celery_beat_crontabschedule; Type: TABLE; Schema: public; Owner: wildberries
--

CREATE TABLE public.django_celery_beat_crontabschedule (
    id integer NOT NULL,
    minute character varying(240) NOT NULL,
    hour character varying(96) NOT NULL,
    day_of_week character varying(64) NOT NULL,
    day_of_month character varying(124) NOT NULL,
    month_of_year character varying(64) NOT NULL,
    timezone character varying(63) NOT NULL
);


ALTER TABLE public.django_celery_beat_crontabschedule OWNER TO wildberries;

--
-- Name: django_celery_beat_crontabschedule_id_seq; Type: SEQUENCE; Schema: public; Owner: wildberries
--

ALTER TABLE public.django_celery_beat_crontabschedule ALTER COLUMN id ADD GENERATED BY DEFAULT AS IDENTITY (
    SEQUENCE NAME public.django_celery_beat_crontabschedule_id_seq
    START WITH 1
    INCREMENT BY 1
    NO MINVALUE
    NO MAXVALUE
    CACHE 1
);


--
-- Name: django_celery_beat_intervalschedule; Type: TABLE; Schema: public; Owner: wildberries
--

CREATE TABLE public.django_celery_beat_intervalschedule (
    id integer NOT NULL,
    every integer NOT NULL,
    period character varying(24) NOT NULL
);


ALTER TABLE public.django_celery_beat_intervalschedule OWNER TO wildberries;

--
-- Name: django_celery_beat_intervalschedule_id_seq; Type: SEQUENCE; Schema: public; Owner: wildberries
--

ALTER TABLE public.django_celery_beat_intervalschedule ALTER COLUMN id ADD GENERATED BY DEFAULT AS IDENTITY (
    SEQUENCE NAME public.django_celery_beat_intervalschedule_id_seq
    START WITH 1
    INCREMENT BY 1
    NO MINVALUE
    NO MAXVALUE
    CACHE 1
);


--
-- Name: django_celery_beat_periodictask; Type: TABLE; Schema: public; Owner: wildberries
--

CREATE TABLE public.django_celery_beat_periodictask (
    id integer NOT NULL,
    name character varying(200) NOT NULL,
    task character varying(200) NOT NULL,
    args text NOT NULL,
    kwargs text NOT NULL,
    queue character varying(200),
    exchange character varying(200),
    routing_key character varying(200),
    expires timestamp with time zone,
    enabled boolean NOT NULL,
    last_run_at timestamp with time zone,
    total_run_count integer NOT NULL,
    date_changed timestamp with time zone NOT NULL,
    description text NOT NULL,
    crontab_id integer,
    interval_id integer,
    solar_id integer,
    one_off boolean NOT NULL,
    start_time timestamp with time zone,
    priority integer,
    headers text NOT NULL,
    clocked_id integer,
    expire_seconds integer,
    CONSTRAINT django_celery_beat_periodictask_expire_seconds_check CHECK ((expire_seconds >= 0)),
    CONSTRAINT django_celery_beat_periodictask_priority_check CHECK ((priority >= 0)),
    CONSTRAINT django_celery_beat_periodictask_total_run_count_check CHECK ((total_run_count >= 0))
);


ALTER TABLE public.django_celery_beat_periodictask OWNER TO wildberries;

--
-- Name: django_celery_beat_periodictask_id_seq; Type: SEQUENCE; Schema: public; Owner: wildberries
--

ALTER TABLE public.django_celery_beat_periodictask ALTER COLUMN id ADD GENERATED BY DEFAULT AS IDENTITY (
    SEQUENCE NAME public.django_celery_beat_periodictask_id_seq
    START WITH 1
    INCREMENT BY 1
    NO MINVALUE
    NO MAXVALUE
    CACHE 1
);


--
-- Name: django_celery_beat_periodictasks; Type: TABLE; Schema: public; Owner: wildberries
--

CREATE TABLE public.django_celery_beat_periodictasks (
    ident smallint NOT NULL,
    last_update timestamp with time zone NOT NULL
);


ALTER TABLE public.django_celery_beat_periodictasks OWNER TO wildberries;

--
-- Name: django_celery_beat_solarschedule; Type: TABLE; Schema: public; Owner: wildberries
--

CREATE TABLE public.django_celery_beat_solarschedule (
    id integer NOT NULL,
    event character varying(24) NOT NULL,
    latitude numeric(9,6) NOT NULL,
    longitude numeric(9,6) NOT NULL
);


ALTER TABLE public.django_celery_beat_solarschedule OWNER TO wildberries;

--
-- Name: django_celery_beat_solarschedule_id_seq; Type: SEQUENCE; Schema: public; Owner: wildberries
--

ALTER TABLE public.django_celery_beat_solarschedule ALTER COLUMN id ADD GENERATED BY DEFAULT AS IDENTITY (
    SEQUENCE NAME public.django_celery_beat_solarschedule_id_seq
    START WITH 1
    INCREMENT BY 1
    NO MINVALUE
    NO MAXVALUE
    CACHE 1
);


--
-- Name: django_content_type; Type: TABLE; Schema: public; Owner: wildberries
--

CREATE TABLE public.django_content_type (
    id integer NOT NULL,
    app_label character varying(100) NOT NULL,
    model character varying(100) NOT NULL
);


ALTER TABLE public.django_content_type OWNER TO wildberries;

--
-- Name: django_content_type_id_seq; Type: SEQUENCE; Schema: public; Owner: wildberries
--

ALTER TABLE public.django_content_type ALTER COLUMN id ADD GENERATED BY DEFAULT AS IDENTITY (
    SEQUENCE NAME public.django_content_type_id_seq
    START WITH 1
    INCREMENT BY 1
    NO MINVALUE
    NO MAXVALUE
    CACHE 1
);


--
-- Name: django_migrations; Type: TABLE; Schema: public; Owner: wildberries
--

CREATE TABLE public.django_migrations (
    id bigint NOT NULL,
    app character varying(255) NOT NULL,
    name character varying(255) NOT NULL,
    applied timestamp with time zone NOT NULL
);


ALTER TABLE public.django_migrations OWNER TO wildberries;

--
-- Name: django_migrations_id_seq; Type: SEQUENCE; Schema: public; Owner: wildberries
--

ALTER TABLE public.django_migrations ALTER COLUMN id ADD GENERATED BY DEFAULT AS IDENTITY (
    SEQUENCE NAME public.django_migrations_id_seq
    START WITH 1
    INCREMENT BY 1
    NO MINVALUE
    NO MAXVALUE
    CACHE 1
);


--
-- Name: django_session; Type: TABLE; Schema: public; Owner: wildberries
--

CREATE TABLE public.django_session (
    session_key character varying(40) NOT NULL,
    session_data text NOT NULL,
    expire_date timestamp with time zone NOT NULL
);


ALTER TABLE public.django_session OWNER TO wildberries;

--
-- Name: main_goodsfortracking; Type: TABLE; Schema: public; Owner: wildberries
--

CREATE TABLE public.main_goodsfortracking (
    id bigint NOT NULL,
    name character varying(128) NOT NULL,
    articul integer NOT NULL,
    CONSTRAINT main_goodsfortracking_articul_check CHECK ((articul >= 0))
);


ALTER TABLE public.main_goodsfortracking OWNER TO wildberries;

--
-- Name: main_goodsfortracking_id_seq; Type: SEQUENCE; Schema: public; Owner: wildberries
--

ALTER TABLE public.main_goodsfortracking ALTER COLUMN id ADD GENERATED BY DEFAULT AS IDENTITY (
    SEQUENCE NAME public.main_goodsfortracking_id_seq
    START WITH 1
    INCREMENT BY 1
    NO MINVALUE
    NO MAXVALUE
    CACHE 1
);


--
-- Name: main_mytasks; Type: TABLE; Schema: public; Owner: wildberries
--

CREATE TABLE public.main_mytasks (
    id bigint NOT NULL,
    set_interval character varying(15) NOT NULL,
    start_date timestamp with time zone NOT NULL,
    parse_till_date timestamp with time zone,
    goods_id bigint NOT NULL,
    user_id integer NOT NULL
);


ALTER TABLE public.main_mytasks OWNER TO wildberries;

--
-- Name: main_mytasks_id_seq; Type: SEQUENCE; Schema: public; Owner: wildberries
--

ALTER TABLE public.main_mytasks ALTER COLUMN id ADD GENERATED BY DEFAULT AS IDENTITY (
    SEQUENCE NAME public.main_mytasks_id_seq
    START WITH 1
    INCREMENT BY 1
    NO MINVALUE
    NO MAXVALUE
    CACHE 1
);


--
-- Name: main_mytrackedgoods; Type: TABLE; Schema: public; Owner: wildberries
--

CREATE TABLE public.main_mytrackedgoods (
    id bigint NOT NULL,
    name character varying(128) NOT NULL,
    articul integer NOT NULL,
    brand_name character varying(32) NOT NULL,
    price smallint NOT NULL,
    discount_price smallint,
    date_field timestamp with time zone NOT NULL,
    user_id integer NOT NULL,
    CONSTRAINT main_mytrackedgoods_articul_check CHECK ((articul >= 0)),
    CONSTRAINT main_mytrackedgoods_discount_price_check CHECK ((discount_price >= 0)),
    CONSTRAINT main_mytrackedgoods_price_check CHECK ((price >= 0))
);


ALTER TABLE public.main_mytrackedgoods OWNER TO wildberries;

--
-- Name: main_mytrackedgoods_id_seq; Type: SEQUENCE; Schema: public; Owner: wildberries
--

ALTER TABLE public.main_mytrackedgoods ALTER COLUMN id ADD GENERATED BY DEFAULT AS IDENTITY (
    SEQUENCE NAME public.main_mytrackedgoods_id_seq
    START WITH 1
    INCREMENT BY 1
    NO MINVALUE
    NO MAXVALUE
    CACHE 1
);


--
-- Data for Name: auth_group; Type: TABLE DATA; Schema: public; Owner: wildberries
--

COPY public.auth_group (id, name) FROM stdin;
\.


--
-- Data for Name: auth_group_permissions; Type: TABLE DATA; Schema: public; Owner: wildberries
--

COPY public.auth_group_permissions (id, group_id, permission_id) FROM stdin;
\.


--
-- Data for Name: auth_permission; Type: TABLE DATA; Schema: public; Owner: wildberries
--

COPY public.auth_permission (id, name, content_type_id, codename) FROM stdin;
1	Can add log entry	1	add_logentry
2	Can change log entry	1	change_logentry
3	Can delete log entry	1	delete_logentry
4	Can view log entry	1	view_logentry
5	Can add permission	2	add_permission
6	Can change permission	2	change_permission
7	Can delete permission	2	delete_permission
8	Can view permission	2	view_permission
9	Can add group	3	add_group
10	Can change group	3	change_group
11	Can delete group	3	delete_group
12	Can view group	3	view_group
13	Can add user	4	add_user
14	Can change user	4	change_user
15	Can delete user	4	delete_user
16	Can view user	4	view_user
17	Can add content type	5	add_contenttype
18	Can change content type	5	change_contenttype
19	Can delete content type	5	delete_contenttype
20	Can view content type	5	view_contenttype
21	Can add session	6	add_session
22	Can change session	6	change_session
23	Can delete session	6	delete_session
24	Can view session	6	view_session
25	Can add Token	7	add_token
26	Can change Token	7	change_token
27	Can delete Token	7	delete_token
28	Can view Token	7	view_token
29	Can add Token	8	add_tokenproxy
30	Can change Token	8	change_tokenproxy
31	Can delete Token	8	delete_tokenproxy
32	Can view Token	8	view_tokenproxy
33	Can add crontab	9	add_crontabschedule
34	Can change crontab	9	change_crontabschedule
35	Can delete crontab	9	delete_crontabschedule
36	Can view crontab	9	view_crontabschedule
37	Can add interval	10	add_intervalschedule
38	Can change interval	10	change_intervalschedule
39	Can delete interval	10	delete_intervalschedule
40	Can view interval	10	view_intervalschedule
41	Can add periodic task	11	add_periodictask
42	Can change periodic task	11	change_periodictask
43	Can delete periodic task	11	delete_periodictask
44	Can view periodic task	11	view_periodictask
45	Can add periodic tasks	12	add_periodictasks
46	Can change periodic tasks	12	change_periodictasks
47	Can delete periodic tasks	12	delete_periodictasks
48	Can view periodic tasks	12	view_periodictasks
49	Can add solar event	13	add_solarschedule
50	Can change solar event	13	change_solarschedule
51	Can delete solar event	13	delete_solarschedule
52	Can view solar event	13	view_solarschedule
53	Can add clocked	14	add_clockedschedule
54	Can change clocked	14	change_clockedschedule
55	Can delete clocked	14	delete_clockedschedule
56	Can view clocked	14	view_clockedschedule
57	Can add goods for tracking	15	add_goodsfortracking
58	Can change goods for tracking	15	change_goodsfortracking
59	Can delete goods for tracking	15	delete_goodsfortracking
60	Can view goods for tracking	15	view_goodsfortracking
61	Can add my tasks	16	add_mytasks
62	Can change my tasks	16	change_mytasks
63	Can delete my tasks	16	delete_mytasks
64	Can view my tasks	16	view_mytasks
65	Can add my tracked goods	17	add_mytrackedgoods
66	Can change my tracked goods	17	change_mytrackedgoods
67	Can delete my tracked goods	17	delete_mytrackedgoods
68	Can view my tracked goods	17	view_mytrackedgoods
\.


--
-- Data for Name: auth_user; Type: TABLE DATA; Schema: public; Owner: wildberries
--

COPY public.auth_user (id, password, last_login, is_superuser, username, first_name, last_name, email, is_staff, is_active, date_joined) FROM stdin;
1	pbkdf2_sha256$720000$aJFCHDj32uTB75OIrjVo1Y$kq23/7ysUuEcAEdfETPq1lZ2ZBXUrfPNPiO+QB0P8TY=	2024-07-09 02:12:56.046997+00	t	admin			admin@ex.com	t	t	2024-07-09 00:13:53.087617+00
2	pbkdf2_sha256$720000$8sXNDytKALuIAp7rj1ZE0t$hgzEfMTezG0gRBY/P0hudhwk8eu3bu+G+vI8jyivKzc=	2024-07-09 02:14:42.244566+00	f	user1			user1@example.com	f	t	2024-07-09 00:15:00.099728+00
\.


--
-- Data for Name: auth_user_groups; Type: TABLE DATA; Schema: public; Owner: wildberries
--

COPY public.auth_user_groups (id, user_id, group_id) FROM stdin;
\.


--
-- Data for Name: auth_user_user_permissions; Type: TABLE DATA; Schema: public; Owner: wildberries
--

COPY public.auth_user_user_permissions (id, user_id, permission_id) FROM stdin;
\.


--
-- Data for Name: authtoken_token; Type: TABLE DATA; Schema: public; Owner: wildberries
--

COPY public.authtoken_token (key, created, user_id) FROM stdin;
564d71cc10f977f8675147fdd86e57cd2429d16e	2024-07-09 00:13:53.422426+00	1
ffe257c9ec79fbf3b9cfda38ca051483305b8d40	2024-07-09 00:15:00.429114+00	2
\.


--
-- Data for Name: django_admin_log; Type: TABLE DATA; Schema: public; Owner: wildberries
--

COPY public.django_admin_log (id, action_time, object_id, object_repr, action_flag, change_message, content_type_id, user_id) FROM stdin;
1	2024-07-09 01:46:19.578172+00	4	task3: каждые 30 секунды	3		11	1
2	2024-07-09 01:46:19.58711+00	3	task2: каждые 30 секунды	3		11	1
3	2024-07-09 01:46:19.593183+00	1	task1: каждые 30 секунды	3		11	1
4	2024-07-09 02:13:33.955753+00	1	каждые 30 секунды	3		10	1
5	2024-07-09 02:13:47.869932+00	6	task5: каждые 180 секунды	3		11	1
\.


--
-- Data for Name: django_celery_beat_clockedschedule; Type: TABLE DATA; Schema: public; Owner: wildberries
--

COPY public.django_celery_beat_clockedschedule (id, clocked_time) FROM stdin;
\.


--
-- Data for Name: django_celery_beat_crontabschedule; Type: TABLE DATA; Schema: public; Owner: wildberries
--

COPY public.django_celery_beat_crontabschedule (id, minute, hour, day_of_week, day_of_month, month_of_year, timezone) FROM stdin;
1	0	4	*	*	*	UTC
\.


--
-- Data for Name: django_celery_beat_intervalschedule; Type: TABLE DATA; Schema: public; Owner: wildberries
--

COPY public.django_celery_beat_intervalschedule (id, every, period) FROM stdin;
2	180	seconds
\.


--
-- Data for Name: django_celery_beat_periodictask; Type: TABLE DATA; Schema: public; Owner: wildberries
--

COPY public.django_celery_beat_periodictask (id, name, task, args, kwargs, queue, exchange, routing_key, expires, enabled, last_run_at, total_run_count, date_changed, description, crontab_id, interval_id, solar_id, one_off, start_time, priority, headers, clocked_id, expire_seconds) FROM stdin;
2	celery.backend_cleanup	celery.backend_cleanup	[]	{}	\N	\N	\N	\N	t	\N	0	2024-07-09 09:41:27.677971+00		1	\N	\N	f	\N	\N	{}	\N	43200
7	task6	main.tasks.parse_card	[213413753, 2]	{}	\N	\N	\N	\N	t	2024-07-09 09:44:27.797205+00	10	2024-07-09 09:44:32.906816+00		\N	2	\N	f	2024-07-09 02:10:46.83775+00	\N	{}	\N	\N
\.


--
-- Data for Name: django_celery_beat_periodictasks; Type: TABLE DATA; Schema: public; Owner: wildberries
--

COPY public.django_celery_beat_periodictasks (ident, last_update) FROM stdin;
1	2024-07-09 09:41:27.67981+00
\.


--
-- Data for Name: django_celery_beat_solarschedule; Type: TABLE DATA; Schema: public; Owner: wildberries
--

COPY public.django_celery_beat_solarschedule (id, event, latitude, longitude) FROM stdin;
\.


--
-- Data for Name: django_content_type; Type: TABLE DATA; Schema: public; Owner: wildberries
--

COPY public.django_content_type (id, app_label, model) FROM stdin;
1	admin	logentry
2	auth	permission
3	auth	group
4	auth	user
5	contenttypes	contenttype
6	sessions	session
7	authtoken	token
8	authtoken	tokenproxy
9	django_celery_beat	crontabschedule
10	django_celery_beat	intervalschedule
11	django_celery_beat	periodictask
12	django_celery_beat	periodictasks
13	django_celery_beat	solarschedule
14	django_celery_beat	clockedschedule
15	main	goodsfortracking
16	main	mytasks
17	main	mytrackedgoods
\.


--
-- Data for Name: django_migrations; Type: TABLE DATA; Schema: public; Owner: wildberries
--

COPY public.django_migrations (id, app, name, applied) FROM stdin;
1	contenttypes	0001_initial	2024-07-09 00:09:47.809933+00
2	auth	0001_initial	2024-07-09 00:09:48.047995+00
3	admin	0001_initial	2024-07-09 00:09:48.107877+00
4	admin	0002_logentry_remove_auto_add	2024-07-09 00:09:48.119822+00
5	admin	0003_logentry_add_action_flag_choices	2024-07-09 00:09:48.133339+00
6	contenttypes	0002_remove_content_type_name	2024-07-09 00:09:48.165934+00
7	auth	0002_alter_permission_name_max_length	2024-07-09 00:09:48.181739+00
8	auth	0003_alter_user_email_max_length	2024-07-09 00:09:48.196979+00
9	auth	0004_alter_user_username_opts	2024-07-09 00:09:48.21188+00
10	auth	0005_alter_user_last_login_null	2024-07-09 00:09:48.228116+00
11	auth	0006_require_contenttypes_0002	2024-07-09 00:09:48.23396+00
12	auth	0007_alter_validators_add_error_messages	2024-07-09 00:09:48.248615+00
13	auth	0008_alter_user_username_max_length	2024-07-09 00:09:48.275317+00
14	auth	0009_alter_user_last_name_max_length	2024-07-09 00:09:48.292333+00
15	auth	0010_alter_group_name_max_length	2024-07-09 00:09:48.309975+00
16	auth	0011_update_proxy_permissions	2024-07-09 00:09:48.322511+00
17	auth	0012_alter_user_first_name_max_length	2024-07-09 00:09:48.33946+00
18	authtoken	0001_initial	2024-07-09 00:09:48.388099+00
19	authtoken	0002_auto_20160226_1747	2024-07-09 00:09:48.422439+00
20	authtoken	0003_tokenproxy	2024-07-09 00:09:48.430481+00
21	authtoken	0004_alter_tokenproxy_options	2024-07-09 00:09:48.442047+00
22	django_celery_beat	0001_initial	2024-07-09 00:09:48.548338+00
23	django_celery_beat	0002_auto_20161118_0346	2024-07-09 00:09:48.587507+00
24	django_celery_beat	0003_auto_20161209_0049	2024-07-09 00:09:48.608818+00
25	django_celery_beat	0004_auto_20170221_0000	2024-07-09 00:09:48.619162+00
26	django_celery_beat	0005_add_solarschedule_events_choices	2024-07-09 00:09:48.629017+00
27	django_celery_beat	0006_auto_20180322_0932	2024-07-09 00:09:48.680068+00
28	django_celery_beat	0007_auto_20180521_0826	2024-07-09 00:09:48.705354+00
29	django_celery_beat	0008_auto_20180914_1922	2024-07-09 00:09:48.766454+00
30	django_celery_beat	0006_auto_20180210_1226	2024-07-09 00:09:48.791865+00
31	django_celery_beat	0006_periodictask_priority	2024-07-09 00:09:48.81181+00
32	django_celery_beat	0009_periodictask_headers	2024-07-09 00:09:48.828316+00
33	django_celery_beat	0010_auto_20190429_0326	2024-07-09 00:09:49.008064+00
34	django_celery_beat	0011_auto_20190508_0153	2024-07-09 00:09:49.046964+00
35	django_celery_beat	0012_periodictask_expire_seconds	2024-07-09 00:09:49.060997+00
36	django_celery_beat	0013_auto_20200609_0727	2024-07-09 00:09:49.071965+00
37	django_celery_beat	0014_remove_clockedschedule_enabled	2024-07-09 00:09:49.087673+00
38	django_celery_beat	0015_edit_solarschedule_events_choices	2024-07-09 00:09:49.095681+00
39	django_celery_beat	0016_alter_crontabschedule_timezone	2024-07-09 00:09:49.1105+00
40	django_celery_beat	0017_alter_crontabschedule_month_of_year	2024-07-09 00:09:49.122244+00
41	django_celery_beat	0018_improve_crontab_helptext	2024-07-09 00:09:49.133472+00
42	main	0001_initial	2024-07-09 00:09:49.217324+00
43	sessions	0001_initial	2024-07-09 00:09:49.25201+00
44	main	0002_alter_mytasks_set_interval	2024-07-09 01:57:31.459715+00
\.


--
-- Data for Name: django_session; Type: TABLE DATA; Schema: public; Owner: wildberries
--

COPY public.django_session (session_key, session_data, expire_date) FROM stdin;
pv30hmadtwgvfx5m0wnrv3dettudljxu	.eJxVjDsOwjAQRO_iGlleJ_5R0ucM1vqzOIBsKU4qxN1JpBRQjTTvzbyZx20tfut58XNiVybZ5bcLGJ-5HiA9sN4bj62uyxz4ofCTdj61lF-30_07KNjLviaUWoSsSCoDAylHIyhyTgggCwAKYA9HWsKINhun06AJjRiyjQ4C-3wBu5c2ug:1sR0NO:NMrUfhbeuiAODsu_jLtwCG-CYgbSdkOOBKsAmdE0vVA	2024-07-23 02:14:42.249703+00
\.


--
-- Data for Name: main_goodsfortracking; Type: TABLE DATA; Schema: public; Owner: wildberries
--

COPY public.main_goodsfortracking (id, name, articul) FROM stdin;
1	Сапборд Oasis Genesis	213413753
\.


--
-- Data for Name: main_mytasks; Type: TABLE DATA; Schema: public; Owner: wildberries
--

COPY public.main_mytasks (id, set_interval, start_date, parse_till_date, goods_id, user_id) FROM stdin;
6	180	2024-07-09 02:10:46.825229+00	\N	1	2
\.


--
-- Data for Name: main_mytrackedgoods; Type: TABLE DATA; Schema: public; Owner: wildberries
--

COPY public.main_mytrackedgoods (id, name, articul, brand_name, price, discount_price, date_field, user_id) FROM stdin;
4	Сапборд Oasis Genesis 305 см	213413753	what sup	18360	\N	2024-07-09 09:41:45.798424+00	2
5	Сапборд Oasis Genesis 305 см	213413753	what sup	18360	\N	2024-07-09 09:44:45.429526+00	2
\.


--
-- Name: auth_group_id_seq; Type: SEQUENCE SET; Schema: public; Owner: wildberries
--

SELECT pg_catalog.setval('public.auth_group_id_seq', 1, false);


--
-- Name: auth_group_permissions_id_seq; Type: SEQUENCE SET; Schema: public; Owner: wildberries
--

SELECT pg_catalog.setval('public.auth_group_permissions_id_seq', 1, false);


--
-- Name: auth_permission_id_seq; Type: SEQUENCE SET; Schema: public; Owner: wildberries
--

SELECT pg_catalog.setval('public.auth_permission_id_seq', 68, true);


--
-- Name: auth_user_groups_id_seq; Type: SEQUENCE SET; Schema: public; Owner: wildberries
--

SELECT pg_catalog.setval('public.auth_user_groups_id_seq', 1, false);


--
-- Name: auth_user_id_seq; Type: SEQUENCE SET; Schema: public; Owner: wildberries
--

SELECT pg_catalog.setval('public.auth_user_id_seq', 2, true);


--
-- Name: auth_user_user_permissions_id_seq; Type: SEQUENCE SET; Schema: public; Owner: wildberries
--

SELECT pg_catalog.setval('public.auth_user_user_permissions_id_seq', 1, false);


--
-- Name: django_admin_log_id_seq; Type: SEQUENCE SET; Schema: public; Owner: wildberries
--

SELECT pg_catalog.setval('public.django_admin_log_id_seq', 5, true);


--
-- Name: django_celery_beat_clockedschedule_id_seq; Type: SEQUENCE SET; Schema: public; Owner: wildberries
--

SELECT pg_catalog.setval('public.django_celery_beat_clockedschedule_id_seq', 1, false);


--
-- Name: django_celery_beat_crontabschedule_id_seq; Type: SEQUENCE SET; Schema: public; Owner: wildberries
--

SELECT pg_catalog.setval('public.django_celery_beat_crontabschedule_id_seq', 1, true);


--
-- Name: django_celery_beat_intervalschedule_id_seq; Type: SEQUENCE SET; Schema: public; Owner: wildberries
--

SELECT pg_catalog.setval('public.django_celery_beat_intervalschedule_id_seq', 2, true);


--
-- Name: django_celery_beat_periodictask_id_seq; Type: SEQUENCE SET; Schema: public; Owner: wildberries
--

SELECT pg_catalog.setval('public.django_celery_beat_periodictask_id_seq', 7, true);


--
-- Name: django_celery_beat_solarschedule_id_seq; Type: SEQUENCE SET; Schema: public; Owner: wildberries
--

SELECT pg_catalog.setval('public.django_celery_beat_solarschedule_id_seq', 1, false);


--
-- Name: django_content_type_id_seq; Type: SEQUENCE SET; Schema: public; Owner: wildberries
--

SELECT pg_catalog.setval('public.django_content_type_id_seq', 17, true);


--
-- Name: django_migrations_id_seq; Type: SEQUENCE SET; Schema: public; Owner: wildberries
--

SELECT pg_catalog.setval('public.django_migrations_id_seq', 44, true);


--
-- Name: main_goodsfortracking_id_seq; Type: SEQUENCE SET; Schema: public; Owner: wildberries
--

SELECT pg_catalog.setval('public.main_goodsfortracking_id_seq', 1, true);


--
-- Name: main_mytasks_id_seq; Type: SEQUENCE SET; Schema: public; Owner: wildberries
--

SELECT pg_catalog.setval('public.main_mytasks_id_seq', 6, true);


--
-- Name: main_mytrackedgoods_id_seq; Type: SEQUENCE SET; Schema: public; Owner: wildberries
--

SELECT pg_catalog.setval('public.main_mytrackedgoods_id_seq', 5, true);


--
-- Name: auth_group auth_group_name_key; Type: CONSTRAINT; Schema: public; Owner: wildberries
--

ALTER TABLE ONLY public.auth_group
    ADD CONSTRAINT auth_group_name_key UNIQUE (name);


--
-- Name: auth_group_permissions auth_group_permissions_group_id_permission_id_0cd325b0_uniq; Type: CONSTRAINT; Schema: public; Owner: wildberries
--

ALTER TABLE ONLY public.auth_group_permissions
    ADD CONSTRAINT auth_group_permissions_group_id_permission_id_0cd325b0_uniq UNIQUE (group_id, permission_id);


--
-- Name: auth_group_permissions auth_group_permissions_pkey; Type: CONSTRAINT; Schema: public; Owner: wildberries
--

ALTER TABLE ONLY public.auth_group_permissions
    ADD CONSTRAINT auth_group_permissions_pkey PRIMARY KEY (id);


--
-- Name: auth_group auth_group_pkey; Type: CONSTRAINT; Schema: public; Owner: wildberries
--

ALTER TABLE ONLY public.auth_group
    ADD CONSTRAINT auth_group_pkey PRIMARY KEY (id);


--
-- Name: auth_permission auth_permission_content_type_id_codename_01ab375a_uniq; Type: CONSTRAINT; Schema: public; Owner: wildberries
--

ALTER TABLE ONLY public.auth_permission
    ADD CONSTRAINT auth_permission_content_type_id_codename_01ab375a_uniq UNIQUE (content_type_id, codename);


--
-- Name: auth_permission auth_permission_pkey; Type: CONSTRAINT; Schema: public; Owner: wildberries
--

ALTER TABLE ONLY public.auth_permission
    ADD CONSTRAINT auth_permission_pkey PRIMARY KEY (id);


--
-- Name: auth_user_groups auth_user_groups_pkey; Type: CONSTRAINT; Schema: public; Owner: wildberries
--

ALTER TABLE ONLY public.auth_user_groups
    ADD CONSTRAINT auth_user_groups_pkey PRIMARY KEY (id);


--
-- Name: auth_user_groups auth_user_groups_user_id_group_id_94350c0c_uniq; Type: CONSTRAINT; Schema: public; Owner: wildberries
--

ALTER TABLE ONLY public.auth_user_groups
    ADD CONSTRAINT auth_user_groups_user_id_group_id_94350c0c_uniq UNIQUE (user_id, group_id);


--
-- Name: auth_user auth_user_pkey; Type: CONSTRAINT; Schema: public; Owner: wildberries
--

ALTER TABLE ONLY public.auth_user
    ADD CONSTRAINT auth_user_pkey PRIMARY KEY (id);


--
-- Name: auth_user_user_permissions auth_user_user_permissions_pkey; Type: CONSTRAINT; Schema: public; Owner: wildberries
--

ALTER TABLE ONLY public.auth_user_user_permissions
    ADD CONSTRAINT auth_user_user_permissions_pkey PRIMARY KEY (id);


--
-- Name: auth_user_user_permissions auth_user_user_permissions_user_id_permission_id_14a6b632_uniq; Type: CONSTRAINT; Schema: public; Owner: wildberries
--

ALTER TABLE ONLY public.auth_user_user_permissions
    ADD CONSTRAINT auth_user_user_permissions_user_id_permission_id_14a6b632_uniq UNIQUE (user_id, permission_id);


--
-- Name: auth_user auth_user_username_key; Type: CONSTRAINT; Schema: public; Owner: wildberries
--

ALTER TABLE ONLY public.auth_user
    ADD CONSTRAINT auth_user_username_key UNIQUE (username);


--
-- Name: authtoken_token authtoken_token_pkey; Type: CONSTRAINT; Schema: public; Owner: wildberries
--

ALTER TABLE ONLY public.authtoken_token
    ADD CONSTRAINT authtoken_token_pkey PRIMARY KEY (key);


--
-- Name: authtoken_token authtoken_token_user_id_key; Type: CONSTRAINT; Schema: public; Owner: wildberries
--

ALTER TABLE ONLY public.authtoken_token
    ADD CONSTRAINT authtoken_token_user_id_key UNIQUE (user_id);


--
-- Name: django_admin_log django_admin_log_pkey; Type: CONSTRAINT; Schema: public; Owner: wildberries
--

ALTER TABLE ONLY public.django_admin_log
    ADD CONSTRAINT django_admin_log_pkey PRIMARY KEY (id);


--
-- Name: django_celery_beat_clockedschedule django_celery_beat_clockedschedule_pkey; Type: CONSTRAINT; Schema: public; Owner: wildberries
--

ALTER TABLE ONLY public.django_celery_beat_clockedschedule
    ADD CONSTRAINT django_celery_beat_clockedschedule_pkey PRIMARY KEY (id);


--
-- Name: django_celery_beat_crontabschedule django_celery_beat_crontabschedule_pkey; Type: CONSTRAINT; Schema: public; Owner: wildberries
--

ALTER TABLE ONLY public.django_celery_beat_crontabschedule
    ADD CONSTRAINT django_celery_beat_crontabschedule_pkey PRIMARY KEY (id);


--
-- Name: django_celery_beat_intervalschedule django_celery_beat_intervalschedule_pkey; Type: CONSTRAINT; Schema: public; Owner: wildberries
--

ALTER TABLE ONLY public.django_celery_beat_intervalschedule
    ADD CONSTRAINT django_celery_beat_intervalschedule_pkey PRIMARY KEY (id);


--
-- Name: django_celery_beat_periodictask django_celery_beat_periodictask_name_key; Type: CONSTRAINT; Schema: public; Owner: wildberries
--

ALTER TABLE ONLY public.django_celery_beat_periodictask
    ADD CONSTRAINT django_celery_beat_periodictask_name_key UNIQUE (name);


--
-- Name: django_celery_beat_periodictask django_celery_beat_periodictask_pkey; Type: CONSTRAINT; Schema: public; Owner: wildberries
--

ALTER TABLE ONLY public.django_celery_beat_periodictask
    ADD CONSTRAINT django_celery_beat_periodictask_pkey PRIMARY KEY (id);


--
-- Name: django_celery_beat_periodictasks django_celery_beat_periodictasks_pkey; Type: CONSTRAINT; Schema: public; Owner: wildberries
--

ALTER TABLE ONLY public.django_celery_beat_periodictasks
    ADD CONSTRAINT django_celery_beat_periodictasks_pkey PRIMARY KEY (ident);


--
-- Name: django_celery_beat_solarschedule django_celery_beat_solar_event_latitude_longitude_ba64999a_uniq; Type: CONSTRAINT; Schema: public; Owner: wildberries
--

ALTER TABLE ONLY public.django_celery_beat_solarschedule
    ADD CONSTRAINT django_celery_beat_solar_event_latitude_longitude_ba64999a_uniq UNIQUE (event, latitude, longitude);


--
-- Name: django_celery_beat_solarschedule django_celery_beat_solarschedule_pkey; Type: CONSTRAINT; Schema: public; Owner: wildberries
--

ALTER TABLE ONLY public.django_celery_beat_solarschedule
    ADD CONSTRAINT django_celery_beat_solarschedule_pkey PRIMARY KEY (id);


--
-- Name: django_content_type django_content_type_app_label_model_76bd3d3b_uniq; Type: CONSTRAINT; Schema: public; Owner: wildberries
--

ALTER TABLE ONLY public.django_content_type
    ADD CONSTRAINT django_content_type_app_label_model_76bd3d3b_uniq UNIQUE (app_label, model);


--
-- Name: django_content_type django_content_type_pkey; Type: CONSTRAINT; Schema: public; Owner: wildberries
--

ALTER TABLE ONLY public.django_content_type
    ADD CONSTRAINT django_content_type_pkey PRIMARY KEY (id);


--
-- Name: django_migrations django_migrations_pkey; Type: CONSTRAINT; Schema: public; Owner: wildberries
--

ALTER TABLE ONLY public.django_migrations
    ADD CONSTRAINT django_migrations_pkey PRIMARY KEY (id);


--
-- Name: django_session django_session_pkey; Type: CONSTRAINT; Schema: public; Owner: wildberries
--

ALTER TABLE ONLY public.django_session
    ADD CONSTRAINT django_session_pkey PRIMARY KEY (session_key);


--
-- Name: main_goodsfortracking main_goodsfortracking_pkey; Type: CONSTRAINT; Schema: public; Owner: wildberries
--

ALTER TABLE ONLY public.main_goodsfortracking
    ADD CONSTRAINT main_goodsfortracking_pkey PRIMARY KEY (id);


--
-- Name: main_mytasks main_mytasks_pkey; Type: CONSTRAINT; Schema: public; Owner: wildberries
--

ALTER TABLE ONLY public.main_mytasks
    ADD CONSTRAINT main_mytasks_pkey PRIMARY KEY (id);


--
-- Name: main_mytrackedgoods main_mytrackedgoods_pkey; Type: CONSTRAINT; Schema: public; Owner: wildberries
--

ALTER TABLE ONLY public.main_mytrackedgoods
    ADD CONSTRAINT main_mytrackedgoods_pkey PRIMARY KEY (id);


--
-- Name: auth_group_name_a6ea08ec_like; Type: INDEX; Schema: public; Owner: wildberries
--

CREATE INDEX auth_group_name_a6ea08ec_like ON public.auth_group USING btree (name varchar_pattern_ops);


--
-- Name: auth_group_permissions_group_id_b120cbf9; Type: INDEX; Schema: public; Owner: wildberries
--

CREATE INDEX auth_group_permissions_group_id_b120cbf9 ON public.auth_group_permissions USING btree (group_id);


--
-- Name: auth_group_permissions_permission_id_84c5c92e; Type: INDEX; Schema: public; Owner: wildberries
--

CREATE INDEX auth_group_permissions_permission_id_84c5c92e ON public.auth_group_permissions USING btree (permission_id);


--
-- Name: auth_permission_content_type_id_2f476e4b; Type: INDEX; Schema: public; Owner: wildberries
--

CREATE INDEX auth_permission_content_type_id_2f476e4b ON public.auth_permission USING btree (content_type_id);


--
-- Name: auth_user_groups_group_id_97559544; Type: INDEX; Schema: public; Owner: wildberries
--

CREATE INDEX auth_user_groups_group_id_97559544 ON public.auth_user_groups USING btree (group_id);


--
-- Name: auth_user_groups_user_id_6a12ed8b; Type: INDEX; Schema: public; Owner: wildberries
--

CREATE INDEX auth_user_groups_user_id_6a12ed8b ON public.auth_user_groups USING btree (user_id);


--
-- Name: auth_user_user_permissions_permission_id_1fbb5f2c; Type: INDEX; Schema: public; Owner: wildberries
--

CREATE INDEX auth_user_user_permissions_permission_id_1fbb5f2c ON public.auth_user_user_permissions USING btree (permission_id);


--
-- Name: auth_user_user_permissions_user_id_a95ead1b; Type: INDEX; Schema: public; Owner: wildberries
--

CREATE INDEX auth_user_user_permissions_user_id_a95ead1b ON public.auth_user_user_permissions USING btree (user_id);


--
-- Name: auth_user_username_6821ab7c_like; Type: INDEX; Schema: public; Owner: wildberries
--

CREATE INDEX auth_user_username_6821ab7c_like ON public.auth_user USING btree (username varchar_pattern_ops);


--
-- Name: authtoken_token_key_10f0b77e_like; Type: INDEX; Schema: public; Owner: wildberries
--

CREATE INDEX authtoken_token_key_10f0b77e_like ON public.authtoken_token USING btree (key varchar_pattern_ops);


--
-- Name: django_admin_log_content_type_id_c4bce8eb; Type: INDEX; Schema: public; Owner: wildberries
--

CREATE INDEX django_admin_log_content_type_id_c4bce8eb ON public.django_admin_log USING btree (content_type_id);


--
-- Name: django_admin_log_user_id_c564eba6; Type: INDEX; Schema: public; Owner: wildberries
--

CREATE INDEX django_admin_log_user_id_c564eba6 ON public.django_admin_log USING btree (user_id);


--
-- Name: django_celery_beat_periodictask_clocked_id_47a69f82; Type: INDEX; Schema: public; Owner: wildberries
--

CREATE INDEX django_celery_beat_periodictask_clocked_id_47a69f82 ON public.django_celery_beat_periodictask USING btree (clocked_id);


--
-- Name: django_celery_beat_periodictask_crontab_id_d3cba168; Type: INDEX; Schema: public; Owner: wildberries
--

CREATE INDEX django_celery_beat_periodictask_crontab_id_d3cba168 ON public.django_celery_beat_periodictask USING btree (crontab_id);


--
-- Name: django_celery_beat_periodictask_interval_id_a8ca27da; Type: INDEX; Schema: public; Owner: wildberries
--

CREATE INDEX django_celery_beat_periodictask_interval_id_a8ca27da ON public.django_celery_beat_periodictask USING btree (interval_id);


--
-- Name: django_celery_beat_periodictask_name_265a36b7_like; Type: INDEX; Schema: public; Owner: wildberries
--

CREATE INDEX django_celery_beat_periodictask_name_265a36b7_like ON public.django_celery_beat_periodictask USING btree (name varchar_pattern_ops);


--
-- Name: django_celery_beat_periodictask_solar_id_a87ce72c; Type: INDEX; Schema: public; Owner: wildberries
--

CREATE INDEX django_celery_beat_periodictask_solar_id_a87ce72c ON public.django_celery_beat_periodictask USING btree (solar_id);


--
-- Name: django_session_expire_date_a5c62663; Type: INDEX; Schema: public; Owner: wildberries
--

CREATE INDEX django_session_expire_date_a5c62663 ON public.django_session USING btree (expire_date);


--
-- Name: django_session_session_key_c0390e0f_like; Type: INDEX; Schema: public; Owner: wildberries
--

CREATE INDEX django_session_session_key_c0390e0f_like ON public.django_session USING btree (session_key varchar_pattern_ops);


--
-- Name: main_mytasks_goods_id_5fdd111d; Type: INDEX; Schema: public; Owner: wildberries
--

CREATE INDEX main_mytasks_goods_id_5fdd111d ON public.main_mytasks USING btree (goods_id);


--
-- Name: main_mytasks_user_id_fd4a27f3; Type: INDEX; Schema: public; Owner: wildberries
--

CREATE INDEX main_mytasks_user_id_fd4a27f3 ON public.main_mytasks USING btree (user_id);


--
-- Name: main_mytrackedgoods_user_id_e775d8f5; Type: INDEX; Schema: public; Owner: wildberries
--

CREATE INDEX main_mytrackedgoods_user_id_e775d8f5 ON public.main_mytrackedgoods USING btree (user_id);


--
-- Name: auth_group_permissions auth_group_permissio_permission_id_84c5c92e_fk_auth_perm; Type: FK CONSTRAINT; Schema: public; Owner: wildberries
--

ALTER TABLE ONLY public.auth_group_permissions
    ADD CONSTRAINT auth_group_permissio_permission_id_84c5c92e_fk_auth_perm FOREIGN KEY (permission_id) REFERENCES public.auth_permission(id) DEFERRABLE INITIALLY DEFERRED;


--
-- Name: auth_group_permissions auth_group_permissions_group_id_b120cbf9_fk_auth_group_id; Type: FK CONSTRAINT; Schema: public; Owner: wildberries
--

ALTER TABLE ONLY public.auth_group_permissions
    ADD CONSTRAINT auth_group_permissions_group_id_b120cbf9_fk_auth_group_id FOREIGN KEY (group_id) REFERENCES public.auth_group(id) DEFERRABLE INITIALLY DEFERRED;


--
-- Name: auth_permission auth_permission_content_type_id_2f476e4b_fk_django_co; Type: FK CONSTRAINT; Schema: public; Owner: wildberries
--

ALTER TABLE ONLY public.auth_permission
    ADD CONSTRAINT auth_permission_content_type_id_2f476e4b_fk_django_co FOREIGN KEY (content_type_id) REFERENCES public.django_content_type(id) DEFERRABLE INITIALLY DEFERRED;


--
-- Name: auth_user_groups auth_user_groups_group_id_97559544_fk_auth_group_id; Type: FK CONSTRAINT; Schema: public; Owner: wildberries
--

ALTER TABLE ONLY public.auth_user_groups
    ADD CONSTRAINT auth_user_groups_group_id_97559544_fk_auth_group_id FOREIGN KEY (group_id) REFERENCES public.auth_group(id) DEFERRABLE INITIALLY DEFERRED;


--
-- Name: auth_user_groups auth_user_groups_user_id_6a12ed8b_fk_auth_user_id; Type: FK CONSTRAINT; Schema: public; Owner: wildberries
--

ALTER TABLE ONLY public.auth_user_groups
    ADD CONSTRAINT auth_user_groups_user_id_6a12ed8b_fk_auth_user_id FOREIGN KEY (user_id) REFERENCES public.auth_user(id) DEFERRABLE INITIALLY DEFERRED;


--
-- Name: auth_user_user_permissions auth_user_user_permi_permission_id_1fbb5f2c_fk_auth_perm; Type: FK CONSTRAINT; Schema: public; Owner: wildberries
--

ALTER TABLE ONLY public.auth_user_user_permissions
    ADD CONSTRAINT auth_user_user_permi_permission_id_1fbb5f2c_fk_auth_perm FOREIGN KEY (permission_id) REFERENCES public.auth_permission(id) DEFERRABLE INITIALLY DEFERRED;


--
-- Name: auth_user_user_permissions auth_user_user_permissions_user_id_a95ead1b_fk_auth_user_id; Type: FK CONSTRAINT; Schema: public; Owner: wildberries
--

ALTER TABLE ONLY public.auth_user_user_permissions
    ADD CONSTRAINT auth_user_user_permissions_user_id_a95ead1b_fk_auth_user_id FOREIGN KEY (user_id) REFERENCES public.auth_user(id) DEFERRABLE INITIALLY DEFERRED;


--
-- Name: authtoken_token authtoken_token_user_id_35299eff_fk_auth_user_id; Type: FK CONSTRAINT; Schema: public; Owner: wildberries
--

ALTER TABLE ONLY public.authtoken_token
    ADD CONSTRAINT authtoken_token_user_id_35299eff_fk_auth_user_id FOREIGN KEY (user_id) REFERENCES public.auth_user(id) DEFERRABLE INITIALLY DEFERRED;


--
-- Name: django_admin_log django_admin_log_content_type_id_c4bce8eb_fk_django_co; Type: FK CONSTRAINT; Schema: public; Owner: wildberries
--

ALTER TABLE ONLY public.django_admin_log
    ADD CONSTRAINT django_admin_log_content_type_id_c4bce8eb_fk_django_co FOREIGN KEY (content_type_id) REFERENCES public.django_content_type(id) DEFERRABLE INITIALLY DEFERRED;


--
-- Name: django_admin_log django_admin_log_user_id_c564eba6_fk_auth_user_id; Type: FK CONSTRAINT; Schema: public; Owner: wildberries
--

ALTER TABLE ONLY public.django_admin_log
    ADD CONSTRAINT django_admin_log_user_id_c564eba6_fk_auth_user_id FOREIGN KEY (user_id) REFERENCES public.auth_user(id) DEFERRABLE INITIALLY DEFERRED;


--
-- Name: django_celery_beat_periodictask django_celery_beat_p_clocked_id_47a69f82_fk_django_ce; Type: FK CONSTRAINT; Schema: public; Owner: wildberries
--

ALTER TABLE ONLY public.django_celery_beat_periodictask
    ADD CONSTRAINT django_celery_beat_p_clocked_id_47a69f82_fk_django_ce FOREIGN KEY (clocked_id) REFERENCES public.django_celery_beat_clockedschedule(id) DEFERRABLE INITIALLY DEFERRED;


--
-- Name: django_celery_beat_periodictask django_celery_beat_p_crontab_id_d3cba168_fk_django_ce; Type: FK CONSTRAINT; Schema: public; Owner: wildberries
--

ALTER TABLE ONLY public.django_celery_beat_periodictask
    ADD CONSTRAINT django_celery_beat_p_crontab_id_d3cba168_fk_django_ce FOREIGN KEY (crontab_id) REFERENCES public.django_celery_beat_crontabschedule(id) DEFERRABLE INITIALLY DEFERRED;


--
-- Name: django_celery_beat_periodictask django_celery_beat_p_interval_id_a8ca27da_fk_django_ce; Type: FK CONSTRAINT; Schema: public; Owner: wildberries
--

ALTER TABLE ONLY public.django_celery_beat_periodictask
    ADD CONSTRAINT django_celery_beat_p_interval_id_a8ca27da_fk_django_ce FOREIGN KEY (interval_id) REFERENCES public.django_celery_beat_intervalschedule(id) DEFERRABLE INITIALLY DEFERRED;


--
-- Name: django_celery_beat_periodictask django_celery_beat_p_solar_id_a87ce72c_fk_django_ce; Type: FK CONSTRAINT; Schema: public; Owner: wildberries
--

ALTER TABLE ONLY public.django_celery_beat_periodictask
    ADD CONSTRAINT django_celery_beat_p_solar_id_a87ce72c_fk_django_ce FOREIGN KEY (solar_id) REFERENCES public.django_celery_beat_solarschedule(id) DEFERRABLE INITIALLY DEFERRED;


--
-- Name: main_mytasks main_mytasks_goods_id_5fdd111d_fk_main_goodsfortracking_id; Type: FK CONSTRAINT; Schema: public; Owner: wildberries
--

ALTER TABLE ONLY public.main_mytasks
    ADD CONSTRAINT main_mytasks_goods_id_5fdd111d_fk_main_goodsfortracking_id FOREIGN KEY (goods_id) REFERENCES public.main_goodsfortracking(id) DEFERRABLE INITIALLY DEFERRED;


--
-- Name: main_mytasks main_mytasks_user_id_fd4a27f3_fk_auth_user_id; Type: FK CONSTRAINT; Schema: public; Owner: wildberries
--

ALTER TABLE ONLY public.main_mytasks
    ADD CONSTRAINT main_mytasks_user_id_fd4a27f3_fk_auth_user_id FOREIGN KEY (user_id) REFERENCES public.auth_user(id) DEFERRABLE INITIALLY DEFERRED;


--
-- Name: main_mytrackedgoods main_mytrackedgoods_user_id_e775d8f5_fk_auth_user_id; Type: FK CONSTRAINT; Schema: public; Owner: wildberries
--

ALTER TABLE ONLY public.main_mytrackedgoods
    ADD CONSTRAINT main_mytrackedgoods_user_id_e775d8f5_fk_auth_user_id FOREIGN KEY (user_id) REFERENCES public.auth_user(id) DEFERRABLE INITIALLY DEFERRED;


--
-- PostgreSQL database dump complete
--

